{
    "soh": {
        "accuracy": 82.9809069511094,
        "r2_score": 0.14842636247370433,
        "mae": 3.9465629983988126,
        "rmse": 6.490877322034489,
        "mape": 4.750122916032516,
        "smape": 5.003116634030098,
        "best_val_loss": 3.493461847305298,
        "epochs": 82
    },
    "rul": {
        "accuracy": 92.70354113577675,
        "r2_score": 0.9122338351478526,
        "mae": 5.817446932286113,
        "rmse": 7.7134595889220385,
        "mape": 26454623060.63781,
        "smape": 112.94440110544409,
        "raw_mae_cycles": 5.3545403480529785,
        "raw_rmse_cycles": 6.694282586061109,
        "raw_r2_score": 0.8792816400527954,
        "test_max_rul": 59.0,
        "best_val_loss": 5.364020347595215,
        "epochs": 49
    }
}