{
    "soh": {
        "Class_Accuracy": 91.66666666666666,
        "CV_Class_Acc": 90.26732673267325,
        "CV_Class_Std": 3.204557581814866,
        "Accuracy": 92.51934834923112,
        "R2": 0.9026501576722218,
        "MAE": 2.0726116375213492,
        "RMSE": 2.5952524257511156,
        "MAPE": 2.4686623018164404,
        "sMAPE": 2.5015548321746057,
        "classes": [
            "Critical",
            "Poor",
            "Fair",
            "Good",
            "Excellent"
        ],
        "midpoints": {
            "Critical": 65.0,
            "Poor": 75.0,
            "Fair": 85.0,
            "Good": 92.0,
            "Excellent": 97.0
        },
        "bins": [
            0.0,
            70.0,
            80.0,
            90.0,
            95.0,
            101.0
        ]
    },
    "rul": {
        "Class_Accuracy": 81.81818181818183,
        "CV_Class_Acc": 87.5029702970297,
        "CV_Class_Std": 3.2795355458853965,
        "Accuracy": 92.174660635754,
        "R2": 0.9062770314137693,
        "MAE": 7.825339364246009,
        "RMSE": 10.152013800912398,
        "MAPE": 21969696985.58056,
        "sMAPE": 102.47327416929993,
        "R2_raw": 0.9062770314137693,
        "MAE_raw": 5.790751129542047,
        "RMSE_raw": 7.512490212675175,
        "classes": [
            "End",
            "Critical",
            "Late",
            "Mid",
            "Early"
        ],
        "midpoints": {
            "End": 5.0,
            "Critical": 20.0,
            "Late": 42.0,
            "Mid": 67.0,
            "Early": 90.0
        },
        "bins": [
            0.0,
            10.0,
            30.0,
            55.0,
            80.0,
            101.0
        ],
        "b0018_maxrul": 74.0
    },
    "algorithm": "GaussianNB",
    "model_type": "classification_to_numeric_midpoint",
    "scaler": "StandardScaler",
    "accuracy_method": "MAE-range",
    "features": [
        "capacity",
        "volt_mean",
        "volt_min",
        "volt_max",
        "volt_std",
        "volt_range",
        "volt_q25",
        "volt_q75",
        "curr_mean",
        "curr_std",
        "curr_max",
        "temp_mean",
        "temp_max",
        "temp_std",
        "temp_range",
        "duration",
        "energy",
        "power_mean",
        "cycle_norm",
        "cycle_idx",
        "cum_deg",
        "deg_rate",
        "cap_r3m",
        "cap_r5m",
        "cap_r10m",
        "cap_r3s",
        "cap_r5s",
        "cap_r10s",
        "cap_r3mn",
        "cap_r5mn",
        "cap_r10mn",
        "soh_r3",
        "soh_r5",
        "soh_r10",
        "volt_r3",
        "volt_r5",
        "volt_r10",
        "temp_r3",
        "temp_r5",
        "temp_r10",
        "cap_d1",
        "cap_d2",
        "soh_d1",
        "volt_d1",
        "deg_accel",
        "cap_ema5",
        "cap_ema10",
        "soh_ema5",
        "cap_cummax",
        "cap_cummean"
    ],
    "n_features": 50
}