{
    "soh": {
        "Accuracy": 99.85922074833834,
        "Accuracy_mae": 99.56851645064503,
        "R2": 0.9993985124309316,
        "MAE": 0.11954811793704904,
        "RMSE": 0.2039977171841336,
        "sMAPE": 0.140779251661649,
        "CV_R2": 0.9997675871968686,
        "C": 500.0,
        "gamma": "0.001",
        "epsilon": 0.01,
        "n_sv": 332
    },
    "rul": {
        "Accuracy": 91.91588283728493,
        "Accuracy_mae": 91.91588283728493,
        "R2": 0.9271439982044922,
        "R2_raw": 0.9271439982044923,
        "MAE_raw": 5.982246700409154,
        "RMSE_raw": 6.623591929990613,
        "sMAPE": 101.85728092967375,
        "CV_R2": 0.982204981560705,
        "C": 500.0,
        "gamma": "0.001",
        "epsilon": 0.1,
        "n_sv": 489,
        "b0018_maxrul": 74
    },
    "algorithm": "SVR RBF Kernel",
    "scaler": "StandardScaler",
    "accuracy_method": "MAE-based for RUL, sMAPE/MAE-based for SOH",
    "features": [
        "capacity",
        "volt_mean",
        "volt_min",
        "volt_max",
        "volt_std",
        "volt_range",
        "volt_q25",
        "volt_q75",
        "curr_mean",
        "curr_std",
        "curr_max",
        "temp_mean",
        "temp_max",
        "temp_std",
        "temp_range",
        "duration",
        "energy",
        "power_mean",
        "cycle_norm",
        "cycle_idx",
        "cum_deg",
        "deg_rate",
        "cap_r3m",
        "cap_r5m",
        "cap_r10m",
        "cap_r3s",
        "cap_r5s",
        "cap_r10s",
        "cap_r3mn",
        "cap_r5mn",
        "cap_r10mn",
        "soh_r3",
        "soh_r5",
        "soh_r10",
        "volt_r3",
        "volt_r5",
        "volt_r10",
        "cap_d1",
        "cap_d2",
        "cap_d3",
        "soh_d1",
        "volt_d1",
        "deg_accel",
        "cap_ema3",
        "cap_ema5",
        "cap_ema10",
        "soh_ema5",
        "cap_cummax",
        "cap_cummean"
    ],
    "n_features": 49
}